{
  "data_reuploading@0.0": {
    "aucs": [
      0.8288288288288289,
      0.918918918918919,
      0.8935185185185186,
      0.7824074074074074
    ],
    "accs": [
      0.7441860465116279,
      0.813953488372093,
      0.8571428571428571,
      0.5
    ],
    "f1s": [
      0.835820895522388,
      0.8823529411764706,
      0.9117647058823529,
      0.6037735849056604
    ]
  },
  "data_reuploading@0.01": {
    "aucs": [
      0.6576576576576577,
      0.9684684684684685,
      0.8888888888888888,
      0.8425925925925926
    ],
    "accs": [
      0.13953488372093023,
      0.8604651162790697,
      0.14285714285714285,
      0.14285714285714285
    ],
    "f1s": [
      0.0,
      0.925,
      0.0,
      0.0
    ]
  },
  "angle@0.0": {
    "aucs": [
      0.5990990990990992,
      0.527027027027027,
      0.4305555555555556,
      0.5092592592592593
    ],
    "accs": [
      0.4883720930232558,
      0.6511627906976745,
      0.30952380952380953,
      0.6428571428571429
    ],
    "f1s": [
      0.6206896551724138,
      0.7692307692307693,
      0.40816326530612246,
      0.7692307692307693
    ]
  },
  "angle@0.01": {
    "aucs": [
      0.7792792792792793,
      0.44594594594594594,
      0.43518518518518523
    ],
    "accs": [
      0.13953488372093023,
      0.8604651162790697,
      0.8571428571428571
    ],
    "f1s": [
      0.0,
      0.925,
      0.9230769230769231
    ]
  }
}