{
  "data_reuploading": {
    "aucs": [
      0.6824324324324325,
      0.8468468468468469,
      0.7824074074074074,
      0.888888888888889,
      0.7083333333333333
    ],
    "accs": [
      0.8837209302325582,
      0.8372093023255814,
      0.8333333333333334,
      0.8095238095238095,
      0.8095238095238095
    ],
    "f1s": [
      0.935064935064935,
      0.9014084507042254,
      0.9041095890410958,
      0.8857142857142857,
      0.8888888888888888
    ]
  },
  "angle_combined": {
    "aucs": [
      0.4842342342342343,
      0.5270270270270271,
      0.8194444444444444,
      0.4074074074074074,
      0.625
    ],
    "accs": [
      0.6744186046511628,
      0.5116279069767442,
      0.7857142857142857,
      0.7380952380952381,
      0.7380952380952381
    ],
    "f1s": [
      0.7941176470588235,
      0.6440677966101694,
      0.8656716417910447,
      0.8405797101449275,
      0.8405797101449275
    ]
  },
  "dense_angle_combined": {
    "aucs": [
      0.31981981981981983,
      0.6486486486486487,
      0.5185185185185185,
      0.4907407407407407,
      0.4212962962962963
    ],
    "accs": [
      0.6976744186046512,
      0.7209302325581395,
      0.5476190476190477,
      0.5714285714285714,
      0.5952380952380952
    ],
    "f1s": [
      0.821917808219178,
      0.8235294117647058,
      0.6779661016949152,
      0.7,
      0.7301587301587301
    ]
  },
  "amplitude_combined": {
    "aucs": [
      0.6306306306306306,
      0.5810810810810811,
      0.675925925925926,
      0.6990740740740741,
      0.7685185185185185
    ],
    "accs": [
      0.7209302325581395,
      0.6511627906976745,
      0.7619047619047619,
      0.6190476190476191,
      0.6666666666666666
    ],
    "f1s": [
      0.8285714285714286,
      0.7761194029850746,
      0.8571428571428571,
      0.7333333333333333,
      0.7741935483870968
    ]
  },
  "iqp_combined": {
    "aucs": [
      0.5135135135135136,
      0.6981981981981982,
      0.6574074074074074,
      0.7407407407407408,
      0.7222222222222223
    ],
    "accs": [
      0.7441860465116279,
      0.813953488372093,
      0.7142857142857143,
      0.8571428571428571,
      0.8333333333333334
    ],
    "f1s": [
      0.8533333333333334,
      0.8918918918918919,
      0.8235294117647058,
      0.918918918918919,
      0.9041095890410958
    ]
  }
}