{
  "holdout": {
    "quantum_vqc": {
      "accuracy": 0.8888888888888888,
      "f1_score": 0.9318181818181818,
      "f1_healthy": 0.7,
      "auc_roc": 0.9483695652173914,
      "train_time_seconds": 1188.4926278591156,
      "n_params": 5619,
      "threshold": 0.9119162559509277,
      "epochs_run": 19
    },
    "quantum_kernel": {
      "accuracy": 0.8888888888888888,
      "f1_score": 0.9361702127659575,
      "f1_healthy": 0.5714285714285714,
      "auc_roc": 0.7364130434782609,
      "train_time_seconds": 697.5482940673828,
      "n_params": 0
    },
    "classical_mlp": {
      "accuracy": 0.9629629629629629,
      "f1_score": 0.9787234042553191,
      "f1_healthy": 0.8571428571428571,
      "auc_roc": 0.9347826086956521,
      "train_time_seconds": 0.8653163909912109,
      "n_params": 120737,
      "threshold": 0.27287259697914124,
      "epochs_run": 17
    },
    "classical_xgb": {
      "accuracy": 0.8888888888888888,
      "f1_score": 0.9318181818181818,
      "f1_healthy": 0.7,
      "auc_roc": 0.9184782608695652,
      "train_time_seconds": 0.1307525634765625,
      "n_params": 3200,
      "threshold": 0.6381341218948364
    }
  },
  "cross_validation": {
    "quantum_vqc": {
      "aucs": [
        1.0,
        0.9992492492492493,
        0.9902402402402403,
        0.9992492492492493,
        1.0
      ],
      "accs": [
        1.0,
        0.9863013698630136,
        0.9863013698630136,
        0.9863013698630136,
        1.0
      ],
      "f1s": [
        1.0,
        0.9863013698630136,
        0.9863013698630136,
        0.9863013698630136,
        1.0
      ],
      "mean_auc": 0.9977477477477479,
      "std_auc": 0.0037687388582615987
    },
    "quantum_kernel": {
      "aucs": [
        0.9009009009009009,
        0.7342342342342343,
        1.0,
        0.9351851851851852,
        0.8842592592592592
      ],
      "accs": [
        0.9069767441860465,
        0.8604651162790697,
        0.9761904761904762,
        0.9523809523809523,
        0.9047619047619048
      ],
      "f1s": [
        0.9473684210526315,
        0.925,
        0.9863013698630136,
        0.9722222222222222,
        0.9473684210526315
      ],
      "mean_auc": 0.8909159159159159,
      "std_auc": 0.08780918628445819
    },
    "classical_mlp": {
      "aucs": [
        1.0,
        0.975975975975976,
        0.9954954954954955,
        0.9984984984984986,
        1.0
      ],
      "accs": [
        1.0,
        0.9726027397260274,
        0.9863013698630136,
        0.9863013698630136,
        1.0
      ],
      "f1s": [
        1.0,
        0.9722222222222222,
        0.9863013698630136,
        0.9863013698630136,
        1.0
      ],
      "mean_auc": 0.993993993993994,
      "std_auc": 0.009157928337523682
    },
    "classical_xgb": {
      "aucs": [
        0.9099099099099099,
        0.9594594594594595,
        0.9398148148148148,
        0.8796296296296297,
        0.9166666666666666
      ],
      "accs": [
        0.7674418604651163,
        0.8604651162790697,
        0.9047619047619048,
        0.8571428571428571,
        0.8571428571428571
      ],
      "f1s": [
        0.84375,
        0.9117647058823529,
        0.9411764705882353,
        0.9117647058823529,
        0.9117647058823529
      ],
      "mean_auc": 0.9210960960960962,
      "std_auc": 0.027152740291531793
    }
  },
  "learning_curves": {
    "quantum_vqc": [
      {
        "frac": 0.25,
        "n_train": 91,
        "auc": 0.8913043478260869
      },
      {
        "frac": 0.5,
        "n_train": 182,
        "auc": 0.8858695652173914
      },
      {
        "frac": 0.75,
        "n_train": 273,
        "auc": 0.9510869565217391
      },
      {
        "frac": 1.0,
        "n_train": 364,
        "auc": 0.8913043478260869
      }
    ],
    "quantum_kernel": [
      {
        "frac": 0.25,
        "n_train": 53,
        "auc": 0.720108695652174
      },
      {
        "frac": 0.5,
        "n_train": 106,
        "auc": 0.8342391304347826
      },
      {
        "frac": 0.75,
        "n_train": 159,
        "auc": 0.7336956521739132
      },
      {
        "frac": 1.0,
        "n_train": 212,
        "auc": 0.7364130434782609
      }
    ],
    "classical_mlp": [
      {
        "frac": 0.25,
        "n_train": 91,
        "auc": 0.9809782608695652
      },
      {
        "frac": 0.5,
        "n_train": 182,
        "auc": 0.970108695652174
      },
      {
        "frac": 0.75,
        "n_train": 273,
        "auc": 0.9429347826086957
      },
      {
        "frac": 1.0,
        "n_train": 364,
        "auc": 0.9673913043478262
      }
    ],
    "classical_xgb": [
      {
        "frac": 0.25,
        "n_train": 53,
        "auc": 0.5
      },
      {
        "frac": 0.5,
        "n_train": 106,
        "auc": 0.7445652173913043
      },
      {
        "frac": 0.75,
        "n_train": 159,
        "auc": 0.9021739130434783
      },
      {
        "frac": 1.0,
        "n_train": 212,
        "auc": 0.9184782608695652
      }
    ]
  },
  "statistical_tests": {
    "vqc_vs_mlp": {
      "t_stat": 0.7512217287717238,
      "p_value": 0.4943003190409193
    },
    "vqc_vs_xgb": {
      "t_stat": 5.341809020699312,
      "p_value": 0.0059180921679448965
    },
    "kernel_vs_mlp": {
      "t_stat": -2.5547331566335085,
      "p_value": 0.06298854602210065
    },
    "kernel_vs_xgb": {
      "t_stat": -0.5807518930823717,
      "p_value": 0.5925559952557444
    },
    "best_quantum_vs_best_classical": {
      "t_stat": 1.2762748953783531,
      "p_value": 0.2709250686862462
    }
  },
  "metadata": {
    "n_features": 64,
    "n_folds": 5,
    "total_time_seconds": 14749.321405410767
  }
}