{
  "holdout": {
    "quantum_vqc": {
      "accuracy": 0.9629629629629629,
      "f1_score": 0.9787234042553191,
      "f1_healthy": 0.8571428571428571,
      "auc_roc": 0.8967391304347826,
      "train_time_seconds": 531.8352723121643,
      "n_params": 5619,
      "threshold": 0.9811727404594421,
      "epochs_run": 20
    },
    "quantum_kernel": {
      "accuracy": 0.8888888888888888,
      "f1_score": 0.9361702127659575,
      "f1_healthy": 0.5714285714285714,
      "auc_roc": 0.7364130434782609,
      "train_time_seconds": 261.36454796791077,
      "n_params": 0
    },
    "classical_mlp": {
      "accuracy": 0.9074074074074074,
      "f1_score": 0.9438202247191011,
      "f1_healthy": 0.7368421052631579,
      "auc_roc": 0.9565217391304348,
      "train_time_seconds": 0.5248630046844482,
      "n_params": 120737,
      "threshold": 0.46180081367492676,
      "epochs_run": 16
    },
    "classical_xgb": {
      "accuracy": 0.8703703703703703,
      "f1_score": 0.9195402298850575,
      "f1_healthy": 0.6666666666666666,
      "auc_roc": 0.9157608695652174,
      "train_time_seconds": 0.32186412811279297,
      "n_params": 3200,
      "threshold": 0.6550108790397644
    }
  },
  "cross_validation": {
    "quantum_vqc": {
      "aucs": [
        0.981981981981982,
        0.972972972972973,
        1.0,
        0.9953703703703705,
        0.962962962962963
      ],
      "accs": [
        0.9534883720930233,
        0.8837209302325582,
        1.0,
        0.9761904761904762,
        0.9761904761904762
      ],
      "f1s": [
        0.9722222222222222,
        0.927536231884058,
        1.0,
        0.9859154929577465,
        0.9863013698630136
      ],
      "mean_auc": 0.9826576576576576,
      "std_auc": 0.013744093688655265
    },
    "quantum_kernel": {
      "aucs": [
        0.9009009009009009,
        0.7342342342342343,
        1.0,
        0.9351851851851852,
        0.8842592592592592
      ],
      "accs": [
        0.9069767441860465,
        0.8604651162790697,
        0.9761904761904762,
        0.9523809523809523,
        0.9047619047619048
      ],
      "f1s": [
        0.9473684210526315,
        0.925,
        0.9863013698630136,
        0.9722222222222222,
        0.9473684210526315
      ],
      "mean_auc": 0.8909159159159159,
      "std_auc": 0.08780918628445819
    },
    "classical_mlp": {
      "aucs": [
        0.9324324324324325,
        0.9504504504504505,
        1.0,
        0.9953703703703705,
        0.9953703703703705
      ],
      "accs": [
        0.8837209302325582,
        0.9767441860465116,
        1.0,
        0.9761904761904762,
        0.9761904761904762
      ],
      "f1s": [
        0.927536231884058,
        0.9866666666666667,
        1.0,
        0.9859154929577465,
        0.9859154929577465
      ],
      "mean_auc": 0.9747247247247246,
      "std_auc": 0.02781799161467793
    },
    "classical_xgb": {
      "aucs": [
        0.9054054054054055,
        0.9504504504504505,
        0.9398148148148148,
        0.8842592592592593,
        0.9212962962962963
      ],
      "accs": [
        0.8837209302325582,
        0.9534883720930233,
        0.9047619047619048,
        0.8571428571428571,
        0.7619047619047619
      ],
      "f1s": [
        0.9295774647887324,
        0.972972972972973,
        0.9411764705882353,
        0.9117647058823529,
        0.8387096774193549
      ],
      "mean_auc": 0.9202452452452452,
      "std_auc": 0.023713452792853126
    }
  },
  "learning_curves": {
    "quantum_vqc": [
      {
        "frac": 0.25,
        "n_train": 53,
        "auc": 0.8559782608695652
      },
      {
        "frac": 0.5,
        "n_train": 106,
        "auc": 0.8858695652173914
      },
      {
        "frac": 0.75,
        "n_train": 159,
        "auc": 0.9266304347826086
      },
      {
        "frac": 1.0,
        "n_train": 212,
        "auc": 0.8722826086956521
      }
    ],
    "quantum_kernel": [
      {
        "frac": 0.25,
        "n_train": 53,
        "auc": 0.5027173913043479
      },
      {
        "frac": 0.5,
        "n_train": 106,
        "auc": 0.8858695652173914
      },
      {
        "frac": 0.75,
        "n_train": 159,
        "auc": 0.5625
      },
      {
        "frac": 1.0,
        "n_train": 212,
        "auc": 0.7364130434782609
      }
    ],
    "classical_mlp": [
      {
        "frac": 0.25,
        "n_train": 53,
        "auc": 0.8233695652173912
      },
      {
        "frac": 0.5,
        "n_train": 106,
        "auc": 0.8858695652173912
      },
      {
        "frac": 0.75,
        "n_train": 159,
        "auc": 0.9565217391304348
      },
      {
        "frac": 1.0,
        "n_train": 212,
        "auc": 0.9592391304347826
      }
    ],
    "classical_xgb": [
      {
        "frac": 0.25,
        "n_train": 53,
        "auc": 0.5
      },
      {
        "frac": 0.5,
        "n_train": 106,
        "auc": 0.6739130434782609
      },
      {
        "frac": 0.75,
        "n_train": 159,
        "auc": 0.8369565217391304
      },
      {
        "frac": 1.0,
        "n_train": 212,
        "auc": 0.9211956521739131
      }
    ]
  },
  "statistical_tests": {
    "vqc_vs_mlp": {
      "t_stat": 0.5833981458871322,
      "p_value": 0.5909363660730199
    },
    "vqc_vs_xgb": {
      "t_stat": 4.11591785496755,
      "p_value": 0.014661164940928407
    },
    "kernel_vs_mlp": {
      "t_stat": -2.216573167952726,
      "p_value": 0.09095826714155374
    },
    "kernel_vs_xgb": {
      "t_stat": -0.5862575335456957,
      "p_value": 0.5891895235550092
    },
    "best_quantum_vs_best_classical": {
      "t_stat": 0.5833981458871322,
      "p_value": 0.5909363660730199
    }
  },
  "metadata": {
    "n_features": 64,
    "n_folds": 5,
    "total_time_seconds": 7114.404034852982
  }
}