{
  "holdout": {
    "quantum_vqc": {
      "accuracy": 0.7962962962962963,
      "f1_score": 0.8674698795180723,
      "f1_healthy": 0.56,
      "auc_roc": 0.7907608695652174,
      "train_time_seconds": 395.2696695327759,
      "n_params": 1405,
      "threshold": 0.30573415756225586,
      "epochs_run": 32
    },
    "quantum_kernel": {
      "accuracy": 0.8333333333333334,
      "f1_score": 0.9032258064516129,
      "f1_healthy": 0.4,
      "auc_roc": 0.8586956521739131,
      "train_time_seconds": 196.4636104106903,
      "n_params": 0
    },
    "classical_mlp": {
      "accuracy": 0.8703703703703703,
      "f1_score": 0.9176470588235294,
      "f1_healthy": 0.6956521739130435,
      "auc_roc": 0.9619565217391305,
      "train_time_seconds": 0.8139603137969971,
      "n_params": 26577,
      "threshold": 0.4770451486110687,
      "epochs_run": 26
    },
    "classical_xgb": {
      "accuracy": 0.9629629629629629,
      "f1_score": 0.9782608695652174,
      "f1_healthy": 0.875,
      "auc_roc": 0.9565217391304348,
      "train_time_seconds": 0.2886238098144531,
      "n_params": 3200,
      "threshold": 0.3246926963329315
    }
  },
  "cross_validation": {
    "quantum_vqc": {
      "aucs": [
        0.8918918918918919,
        0.8738738738738738,
        0.8009259259259259,
        0.8472222222222222,
        0.8518518518518519
      ],
      "accs": [
        0.7906976744186046,
        0.7209302325581395,
        0.6904761904761905,
        0.7619047619047619,
        0.9047619047619048
      ],
      "f1s": [
        0.8615384615384616,
        0.8064516129032258,
        0.7796610169491526,
        0.8387096774193549,
        0.9444444444444444
      ],
      "mean_auc": 0.8531531531531531,
      "std_auc": 0.030641771283276123
    },
    "quantum_kernel": {
      "aucs": [
        0.8063063063063063,
        0.8423423423423424,
        0.7731481481481481,
        0.8379629629629629,
        0.9398148148148149
      ],
      "accs": [
        0.8372093023255814,
        0.8604651162790697,
        0.9285714285714286,
        0.8095238095238095,
        0.9047619047619048
      ],
      "f1s": [
        0.9066666666666666,
        0.9210526315789473,
        0.96,
        0.8888888888888888,
        0.9473684210526315
      ],
      "mean_auc": 0.839914914914915,
      "std_auc": 0.05581582613818892
    },
    "classical_mlp": {
      "aucs": [
        0.8738738738738739,
        0.9459459459459459,
        0.8472222222222223,
        1.0,
        0.8842592592592593
      ],
      "accs": [
        0.9069767441860465,
        0.813953488372093,
        0.9523809523809523,
        1.0,
        0.8333333333333334
      ],
      "f1s": [
        0.9459459459459459,
        0.8787878787878788,
        0.972972972972973,
        1.0,
        0.8955223880597015
      ],
      "mean_auc": 0.9102602602602603,
      "std_auc": 0.05531817867286006
    },
    "classical_xgb": {
      "aucs": [
        0.7927927927927928,
        0.9099099099099099,
        0.8333333333333333,
        0.9444444444444444,
        0.8912037037037037
      ],
      "accs": [
        0.6511627906976745,
        0.8837209302325582,
        0.9047619047619048,
        0.8571428571428571,
        0.6904761904761905
      ],
      "f1s": [
        0.7457627118644068,
        0.9295774647887324,
        0.9444444444444444,
        0.9090909090909091,
        0.7796610169491526
      ],
      "mean_auc": 0.8743368368368369,
      "std_auc": 0.05439803266451446
    }
  },
  "learning_curves": {
    "quantum_vqc": [
      {
        "frac": 0.25,
        "n_train": 53,
        "auc": 0.7581521739130435
      },
      {
        "frac": 0.5,
        "n_train": 106,
        "auc": 0.842391304347826
      },
      {
        "frac": 0.75,
        "n_train": 159,
        "auc": 0.9293478260869565
      },
      {
        "frac": 1.0,
        "n_train": 212,
        "auc": 0.8559782608695652
      }
    ],
    "quantum_kernel": [
      {
        "frac": 0.25,
        "n_train": 53,
        "auc": 0.703804347826087
      },
      {
        "frac": 0.5,
        "n_train": 106,
        "auc": 0.7445652173913044
      },
      {
        "frac": 0.75,
        "n_train": 159,
        "auc": 0.7608695652173914
      },
      {
        "frac": 1.0,
        "n_train": 212,
        "auc": 0.8586956521739131
      }
    ],
    "classical_mlp": [
      {
        "frac": 0.25,
        "n_train": 53,
        "auc": 0.8668478260869565
      },
      {
        "frac": 0.5,
        "n_train": 106,
        "auc": 0.951086956521739
      },
      {
        "frac": 0.75,
        "n_train": 159,
        "auc": 0.9021739130434783
      },
      {
        "frac": 1.0,
        "n_train": 212,
        "auc": 0.9728260869565217
      }
    ],
    "classical_xgb": [
      {
        "frac": 0.25,
        "n_train": 53,
        "auc": 0.5
      },
      {
        "frac": 0.5,
        "n_train": 106,
        "auc": 0.8573369565217391
      },
      {
        "frac": 0.75,
        "n_train": 159,
        "auc": 0.8777173913043479
      },
      {
        "frac": 1.0,
        "n_train": 212,
        "auc": 0.9565217391304348
      }
    ]
  },
  "statistical_tests": {
    "vqc_vs_mlp": {
      "t_stat": -2.035159792260724,
      "p_value": 0.1115559002101832
    },
    "vqc_vs_xgb": {
      "t_stat": -0.6548904550070829,
      "p_value": 0.5482865831944985
    },
    "kernel_vs_mlp": {
      "t_stat": -1.9744769881368895,
      "p_value": 0.11955498634625206
    },
    "kernel_vs_xgb": {
      "t_stat": -1.211436976093996,
      "p_value": 0.2923996851760532
    },
    "best_quantum_vs_best_classical": {
      "t_stat": -1.1568991931127122,
      "p_value": 0.31169766717454056
    }
  },
  "metadata": {
    "n_features": 16,
    "n_qubits_vqc": 4,
    "n_qubits_kernel": 6,
    "n_folds": 5,
    "random_state": 2024,
    "feature_selection": "ANOVA F-test",
    "imbalance_handling": "class_weighting_only",
    "total_time_seconds": 3948.8870112895966
  }
}