{
  "holdout": {
    "quantum_vqc": {
      "accuracy": 0.7962962962962963,
      "f1_score": 0.8641975308641975,
      "f1_healthy": 0.5925925925925926,
      "auc_roc": 0.8967391304347826,
      "train_time_seconds": 356.62263345718384,
      "n_params": 1405,
      "threshold": 0.3340570330619812,
      "epochs_run": 25
    },
    "quantum_kernel": {
      "accuracy": 0.8333333333333334,
      "f1_score": 0.9032258064516129,
      "f1_healthy": 0.4,
      "auc_roc": 0.8586956521739131,
      "train_time_seconds": 275.7997832298279,
      "n_params": 0
    },
    "classical_mlp": {
      "accuracy": 0.9629629629629629,
      "f1_score": 0.9777777777777777,
      "f1_healthy": 0.8888888888888888,
      "auc_roc": 0.9673913043478262,
      "train_time_seconds": 1.5318934917449951,
      "n_params": 26577,
      "threshold": 0.35113027691841125,
      "epochs_run": 41
    },
    "classical_xgb": {
      "accuracy": 0.9629629629629629,
      "f1_score": 0.9782608695652174,
      "f1_healthy": 0.875,
      "auc_roc": 0.9565217391304348,
      "train_time_seconds": 0.2337348461151123,
      "n_params": 3200,
      "threshold": 0.3246926963329315
    }
  },
  "cross_validation": {
    "quantum_vqc": {
      "aucs": [
        0.8648648648648649,
        0.9054054054054055,
        0.8194444444444444,
        0.888888888888889,
        0.6805555555555556
      ],
      "accs": [
        0.9302325581395349,
        0.7906976744186046,
        0.8809523809523809,
        0.8571428571428571,
        0.5
      ],
      "f1s": [
        0.96,
        0.8615384615384616,
        0.9295774647887324,
        0.9090909090909091,
        0.5882352941176471
      ],
      "mean_auc": 0.8318318318318318,
      "std_auc": 0.08099101047654765
    },
    "quantum_kernel": {
      "aucs": [
        0.7207207207207208,
        0.7972972972972974,
        0.5046296296296297,
        0.6435185185185186,
        0.800925925925926
      ],
      "accs": [
        0.8604651162790697,
        0.813953488372093,
        0.8095238095238095,
        0.8809523809523809,
        0.9285714285714286
      ],
      "f1s": [
        0.9230769230769231,
        0.8918918918918919,
        0.8918918918918919,
        0.9333333333333333,
        0.96
      ],
      "mean_auc": 0.6934184184184186,
      "std_auc": 0.11065740656727305
    },
    "classical_mlp": {
      "aucs": [
        0.8873873873873874,
        0.918918918918919,
        0.9074074074074073,
        0.9722222222222223,
        0.7685185185185185
      ],
      "accs": [
        0.6976744186046512,
        0.9069767441860465,
        0.9047619047619048,
        0.8809523809523809,
        0.6904761904761905
      ],
      "f1s": [
        0.7868852459016393,
        0.9444444444444444,
        0.9428571428571428,
        0.9253731343283582,
        0.7796610169491526
      ],
      "mean_auc": 0.8908908908908909,
      "std_auc": 0.06732075933313399
    },
    "classical_xgb": {
      "aucs": [
        0.7342342342342343,
        0.8648648648648649,
        0.8842592592592592,
        0.888888888888889,
        0.7546296296296297
      ],
      "accs": [
        0.7906976744186046,
        0.9069767441860465,
        0.7619047619047619,
        0.7619047619047619,
        0.6904761904761905
      ],
      "f1s": [
        0.8695652173913043,
        0.9444444444444444,
        0.8387096774193549,
        0.8387096774193549,
        0.7868852459016393
      ],
      "mean_auc": 0.8253753753753754,
      "std_auc": 0.0668915033615684
    }
  },
  "learning_curves": {
    "quantum_vqc": [
      {
        "frac": 0.25,
        "n_train": 53,
        "auc": 0.7309782608695652
      },
      {
        "frac": 0.5,
        "n_train": 106,
        "auc": 0.7119565217391305
      },
      {
        "frac": 0.75,
        "n_train": 159,
        "auc": 0.8342391304347826
      },
      {
        "frac": 1.0,
        "n_train": 212,
        "auc": 0.8967391304347826
      }
    ],
    "quantum_kernel": [
      {
        "frac": 0.25,
        "n_train": 53,
        "auc": 0.4347826086956522
      },
      {
        "frac": 0.5,
        "n_train": 106,
        "auc": 0.5733695652173914
      },
      {
        "frac": 0.75,
        "n_train": 159,
        "auc": 0.7853260869565217
      },
      {
        "frac": 1.0,
        "n_train": 212,
        "auc": 0.8586956521739131
      }
    ],
    "classical_mlp": [
      {
        "frac": 0.25,
        "n_train": 53,
        "auc": 0.6331521739130435
      },
      {
        "frac": 0.5,
        "n_train": 106,
        "auc": 0.8342391304347827
      },
      {
        "frac": 0.75,
        "n_train": 159,
        "auc": 0.8478260869565217
      },
      {
        "frac": 1.0,
        "n_train": 212,
        "auc": 0.967391304347826
      }
    ],
    "classical_xgb": [
      {
        "frac": 0.25,
        "n_train": 53,
        "auc": 0.5
      },
      {
        "frac": 0.5,
        "n_train": 106,
        "auc": 0.7404891304347826
      },
      {
        "frac": 0.75,
        "n_train": 159,
        "auc": 0.7214673913043479
      },
      {
        "frac": 1.0,
        "n_train": 212,
        "auc": 0.9619565217391304
      }
    ]
  },
  "statistical_tests": {
    "vqc_vs_mlp": {
      "t_stat": -3.507776707405254,
      "p_value": 0.024721558350347544
    },
    "vqc_vs_xgb": {
      "t_stat": 0.17198150342850493,
      "p_value": 0.8718025634265002
    },
    "kernel_vs_mlp": {
      "t_stat": -2.560919422508214,
      "p_value": 0.06257712693326234
    },
    "kernel_vs_xgb": {
      "t_stat": -1.6748192564117788,
      "p_value": 0.16928088316405535
    },
    "best_quantum_vs_best_classical": {
      "t_stat": -1.5414504965726408,
      "p_value": 0.19806293991966045
    }
  },
  "metadata": {
    "n_features": 16,
    "n_qubits_vqc": 4,
    "n_qubits_kernel": 6,
    "n_folds": 5,
    "random_state": 2024,
    "feature_selection": "ANOVA F-test",
    "imbalance_handling": "class_weighting_only",
    "total_time_seconds": 3536.5749044418335
  }
}