{
  "data_reuploading": {
    "aucs": [
      0.7612612612612614,
      0.7792792792792792,
      0.8888888888888888,
      0.9768518518518519,
      0.6527777777777779
    ],
    "accs": [
      0.8837209302325582,
      0.7674418604651163,
      0.8571428571428571,
      0.9047619047619048,
      0.7857142857142857
    ],
    "f1s": [
      0.935064935064935,
      0.8611111111111112,
      0.9166666666666666,
      0.9444444444444444,
      0.8732394366197183
    ]
  },
  "angle_combined": {
    "aucs": [
      0.44594594594594594,
      0.4144144144144144,
      0.6064814814814814,
      0.6574074074074074,
      0.5694444444444444
    ],
    "accs": [
      0.6511627906976745,
      0.6744186046511628,
      0.6904761904761905,
      0.7142857142857143,
      0.7142857142857143
    ],
    "f1s": [
      0.7887323943661971,
      0.8,
      0.8,
      0.8235294117647058,
      0.8235294117647058
    ]
  },
  "dense_angle_combined": {
    "aucs": [
      0.36936936936936937,
      0.42342342342342343,
      0.6157407407407407,
      0.2916666666666667,
      0.4537037037037037
    ],
    "accs": [
      0.7441860465116279,
      0.6511627906976745,
      0.6190476190476191,
      0.6666666666666666,
      0.5238095238095238
    ],
    "f1s": [
      0.8533333333333334,
      0.7761194029850746,
      0.75,
      0.7878787878787878,
      0.6774193548387096
    ]
  },
  "amplitude_combined": {
    "aucs": [
      0.5067567567567568,
      0.545045045045045,
      0.7175925925925927,
      0.6597222222222222,
      0.5069444444444445
    ],
    "accs": [
      0.7674418604651163,
      0.7209302325581395,
      0.7857142857142857,
      0.6904761904761905,
      0.6904761904761905
    ],
    "f1s": [
      0.8648648648648649,
      0.8235294117647058,
      0.8656716417910447,
      0.8,
      0.8059701492537313
    ]
  },
  "iqp_combined": {
    "aucs": [
      0.5720720720720721,
      0.8018018018018018,
      0.5046296296296297,
      0.5949074074074074,
      0.8148148148148149
    ],
    "accs": [
      0.7906976744186046,
      0.8604651162790697,
      0.6904761904761905,
      0.7857142857142857,
      0.8095238095238095
    ],
    "f1s": [
      0.8767123287671232,
      0.9166666666666666,
      0.8169014084507042,
      0.8767123287671232,
      0.8787878787878788
    ]
  }
}