{
  "anova_pca::quantum_vqc": {
    "aucs": [
      0.5765765765765766,
      0.9549549549549551,
      0.7407407407407407,
      0.837962962962963,
      0.5347222222222223
    ],
    "accs": [
      0.813953488372093,
      0.9302325581395349,
      0.8571428571428571,
      0.8809523809523809,
      0.8333333333333334
    ],
    "f1s": [
      0.8947368421052632,
      0.958904109589041,
      0.918918918918919,
      0.9333333333333333,
      0.9066666666666666
    ]
  },
  "anova_pca::classical_mlp": {
    "aucs": [
      0.6981981981981983,
      0.9414414414414415,
      0.9398148148148149,
      0.8888888888888888,
      0.6898148148148149
    ],
    "accs": [
      0.8372093023255814,
      0.9534883720930233,
      0.9047619047619048,
      0.8571428571428571,
      0.8571428571428571
    ],
    "f1s": [
      0.9066666666666666,
      0.972972972972973,
      0.9473684210526315,
      0.9166666666666666,
      0.9166666666666666
    ]
  },
  "anova_pca::classical_xgb": {
    "aucs": [
      0.7792792792792793,
      0.9864864864864865,
      0.9074074074074074,
      0.8009259259259259,
      0.712962962962963
    ],
    "accs": [
      0.9069767441860465,
      0.9534883720930233,
      0.9761904761904762,
      0.9047619047619048,
      0.7857142857142857
    ],
    "f1s": [
      0.9487179487179487,
      0.972972972972973,
      0.9863013698630136,
      0.9473684210526315,
      0.8732394366197183
    ]
  },
  "anova_pca::classical_svm": {
    "aucs": [
      0.6576576576576576,
      0.1599099099099099,
      0.11574074074074071,
      0.2685185185185185,
      0.39351851851851855
    ],
    "accs": [
      0.8604651162790697,
      0.13953488372093023,
      0.7142857142857143,
      0.6190476190476191,
      0.8571428571428571
    ],
    "f1s": [
      0.9230769230769231,
      0.0,
      0.8064516129032258,
      0.7333333333333333,
      0.9230769230769231
    ]
  },
  "mlp_encoder::quantum_vqc": {
    "aucs": [
      0.9076576576576576,
      0.8400900900900902,
      0.9814814814814815,
      1.0,
      0.8240740740740741
    ],
    "accs": [
      0.9069767441860465,
      0.9302325581395349,
      0.9285714285714286,
      0.9761904761904762,
      0.8809523809523809
    ],
    "f1s": [
      0.9473684210526315,
      0.961038961038961,
      0.96,
      0.9863013698630136,
      0.9333333333333333
    ]
  },
  "mlp_encoder::classical_mlp": {
    "aucs": [
      0.9031531531531531,
      0.9527027027027027,
      0.9722222222222223,
      1.0,
      0.8101851851851851
    ],
    "accs": [
      0.9069767441860465,
      0.9302325581395349,
      0.9523809523809523,
      1.0,
      0.8095238095238095
    ],
    "f1s": [
      0.9459459459459459,
      0.961038961038961,
      0.9722222222222222,
      1.0,
      0.8823529411764706
    ]
  },
  "mlp_encoder::classical_xgb": {
    "aucs": [
      0.8918918918918919,
      0.945945945945946,
      0.8726851851851851,
      0.9652777777777778,
      0.7986111111111112
    ],
    "accs": [
      0.9302325581395349,
      0.9069767441860465,
      0.7380952380952381,
      0.8571428571428571,
      0.6666666666666666
    ],
    "f1s": [
      0.961038961038961,
      0.9487179487179487,
      0.819672131147541,
      0.9090909090909091,
      0.7666666666666667
    ]
  },
  "mlp_encoder::classical_svm": {
    "aucs": [
      0.9054054054054055,
      0.954954954954955,
      0.9814814814814815,
      1.0,
      0.8009259259259259
    ],
    "accs": [
      0.8837209302325582,
      0.9302325581395349,
      0.9523809523809523,
      0.9761904761904762,
      0.8809523809523809
    ],
    "f1s": [
      0.9333333333333333,
      0.961038961038961,
      0.9722222222222222,
      0.9863013698630136,
      0.9295774647887324
    ]
  },
  "autoencoder::quantum_vqc": {
    "aucs": [
      0.5945945945945946,
      0.8738738738738738,
      0.6597222222222222,
      0.8472222222222222,
      0.8564814814814815
    ],
    "accs": [
      0.7441860465116279,
      0.8604651162790697,
      0.8571428571428571,
      0.8333333333333334,
      0.8571428571428571
    ],
    "f1s": [
      0.8493150684931506,
      0.9142857142857143,
      0.918918918918919,
      0.9014084507042254,
      0.9142857142857143
    ]
  },
  "autoencoder::classical_mlp": {
    "aucs": [
      0.7162162162162162,
      0.9234234234234234,
      0.7222222222222222,
      0.9027777777777778,
      0.8356481481481481
    ],
    "accs": [
      0.7674418604651163,
      0.8604651162790697,
      0.7857142857142857,
      0.9285714285714286,
      0.8571428571428571
    ],
    "f1s": [
      0.8611111111111112,
      0.9142857142857143,
      0.8732394366197183,
      0.958904109589041,
      0.9166666666666666
    ]
  },
  "autoencoder::classical_xgb": {
    "aucs": [
      0.9459459459459459,
      0.9099099099099099,
      0.7407407407407408,
      0.9166666666666667,
      0.7314814814814816
    ],
    "accs": [
      0.8837209302325582,
      0.813953488372093,
      0.7857142857142857,
      0.8809523809523809,
      0.7619047619047619
    ],
    "f1s": [
      0.9315068493150684,
      0.8823529411764706,
      0.8695652173913043,
      0.927536231884058,
      0.8484848484848485
    ]
  },
  "autoencoder::classical_svm": {
    "aucs": [
      0.7432432432432433,
      0.891891891891892,
      0.8148148148148148,
      0.8935185185185185,
      0.8101851851851852
    ],
    "accs": [
      0.7209302325581395,
      0.8372093023255814,
      0.6666666666666666,
      0.7619047619047619,
      0.8333333333333334
    ],
    "f1s": [
      0.8285714285714286,
      0.9014084507042254,
      0.7741935483870968,
      0.84375,
      0.8955223880597015
    ]
  }
}