{
  "angle": {
    "aucs": [
      0.5360360360360361,
      0.6396396396396395,
      0.5509259259259258,
      0.3912037037037037,
      0.6203703703703703
    ],
    "accs": [
      0.627906976744186,
      0.7209302325581395,
      0.6428571428571429,
      0.6666666666666666,
      0.8333333333333334
    ],
    "f1s": [
      0.75,
      0.8333333333333334,
      0.7692307692307693,
      0.7878787878787878,
      0.9066666666666666
    ]
  },
  "amplitude": {
    "aucs": [
      0.5045045045045046,
      0.7072072072072072,
      0.5972222222222222,
      0.6458333333333334,
      0.4814814814814815
    ],
    "accs": [
      0.7441860465116279,
      0.7209302325581395,
      0.7380952380952381,
      0.8333333333333334,
      0.6904761904761905
    ],
    "f1s": [
      0.8450704225352113,
      0.8333333333333334,
      0.8450704225352113,
      0.9066666666666666,
      0.8059701492537313
    ]
  },
  "iqp": {
    "aucs": [
      0.6216216216216217,
      0.6171171171171171,
      0.46759259259259256,
      0.7222222222222222,
      0.8101851851851852
    ],
    "accs": [
      0.7209302325581395,
      0.7674418604651163,
      0.5952380952380952,
      0.7380952380952381,
      0.8333333333333334
    ],
    "f1s": [
      0.8285714285714286,
      0.8611111111111112,
      0.7301587301587301,
      0.835820895522388,
      0.9014084507042254
    ]
  },
  "data_reuploading": {
    "aucs": [
      0.7432432432432433,
      0.8153153153153154,
      0.7453703703703703,
      0.9166666666666667,
      0.7175925925925926
    ],
    "accs": [
      0.8837209302325582,
      0.7906976744186046,
      0.7380952380952381,
      0.8809523809523809,
      0.8095238095238095
    ],
    "f1s": [
      0.935064935064935,
      0.8732394366197183,
      0.8405797101449275,
      0.9333333333333333,
      0.8888888888888888
    ]
  }
}