{
  "metadata": {
    "version": "v08",
    "purpose": "pure sample-efficiency sweep with 1:1 stratified subsampling",
    "n_per_class": [
      10,
      20
    ],
    "subsample_seeds": 20,
    "vqc_init_seeds": 3,
    "models": [
      "quantum_vqc",
      "classical_mlp",
      "classical_svm",
      "classical_xgb",
      "classical_logreg"
    ],
    "test_set": "v06 GSE76809 holdout (54 samples, stratified 80/20, seed=2026)",
    "runtime_minutes": 390.5230420867602
  },
  "summary": {
    "quantum_vqc": {
      "10": {
        "n_samples": 60,
        "mean": 0.6270833333333334,
        "std": 0.11827637259173054,
        "min": 0.28532608695652173,
        "max": 0.9293478260869565,
        "ci_low": 0.5981397192028987,
        "ci_high": 0.656706295289855,
        "aucs": [
          0.654891304347826,
          0.6684782608695653,
          0.6711956521739131,
          0.6548913043478262,
          0.5380434782608696,
          0.592391304347826,
          0.9293478260869565,
          0.7934782608695652,
          0.8722826086956522,
          0.7065217391304347,
          0.5896739130434783,
          0.8043478260869565,
          0.5380434782608696,
          0.6032608695652173,
          0.5516304347826086,
          0.6440217391304348,
          0.5163043478260869,
          0.5434782608695652,
          0.6929347826086956,
          0.6222826086956521,
          0.7907608695652174,
          0.5760869565217391,
          0.6005434782608696,
          0.5244565217391304,
          0.5135869565217391,
          0.5407608695652174,
          0.5244565217391304,
          0.6793478260869565,
          0.5978260869565217,
          0.7119565217391304,
          0.592391304347826,
          0.5461956521739131,
          0.5380434782608695,
          0.6494565217391304,
          0.6331521739130435,
          0.6902173913043479,
          0.5570652173913043,
          0.5625,
          0.5923913043478262,
          0.7010869565217392,
          0.6711956521739131,
          0.7146739130434783,
          0.7255434782608696,
          0.638586956521739,
          0.6684782608695653,
          0.7500000000000001,
          0.7880434782608696,
          0.625,
          0.7527173913043479,
          0.625,
          0.6576086956521738,
          0.736413043478261,
          0.7445652173913042,
          0.7364130434782609,
          0.4619565217391304,
          0.47282608695652173,
          0.5298913043478262,
          0.28532608695652173,
          0.41847826086956524,
          0.3125
        ]
      },
      "20": {
        "n_samples": 60,
        "mean": 0.6972373188405797,
        "std": 0.12107897730349498,
        "min": 0.38586956521739124,
        "max": 0.9184782608695652,
        "ci_low": 0.6680253623188406,
        "ci_high": 0.7272701539855073,
        "aucs": [
          0.5271739130434783,
          0.5380434782608696,
          0.38586956521739124,
          0.717391304347826,
          0.7092391304347826,
          0.6467391304347827,
          0.8206521739130435,
          0.8532608695652173,
          0.7309782608695652,
          0.8722826086956522,
          0.8641304347826086,
          0.7907608695652173,
          0.763586956521739,
          0.7608695652173912,
          0.7282608695652174,
          0.6847826086956522,
          0.5543478260869565,
          0.6929347826086957,
          0.7744565217391305,
          0.8288043478260869,
          0.8478260869565217,
          0.9184782608695652,
          0.8206521739130436,
          0.891304347826087,
          0.6168478260869565,
          0.532608695652174,
          0.5706521739130436,
          0.7146739130434783,
          0.6684782608695652,
          0.6847826086956522,
          0.7309782608695653,
          0.671195652173913,
          0.6793478260869565,
          0.6603260869565217,
          0.6684782608695652,
          0.7282608695652174,
          0.5570652173913043,
          0.6358695652173912,
          0.6195652173913043,
          0.7228260869565217,
          0.75,
          0.7228260869565217,
          0.8125000000000001,
          0.8967391304347826,
          0.8288043478260869,
          0.7635869565217391,
          0.7472826086956521,
          0.7826086956521738,
          0.5054347826086956,
          0.45108695652173914,
          0.5760869565217391,
          0.7445652173913044,
          0.7065217391304348,
          0.6983695652173914,
          0.5516304347826086,
          0.5489130434782609,
          0.4048913043478261,
          0.7826086956521738,
          0.6820652173913043,
          0.6929347826086957
        ]
      }
    },
    "classical_mlp": {
      "10": {
        "n_samples": 20,
        "mean": 0.722554347826087,
        "std": 0.06408060061971567,
        "min": 0.6195652173913043,
        "max": 0.8586956521739131,
        "ci_low": 0.6959171195652173,
        "ci_high": 0.7495957880434783,
        "aucs": [
          0.6983695652173912,
          0.7690217391304348,
          0.8586956521739131,
          0.8423913043478262,
          0.7391304347826086,
          0.6195652173913043,
          0.7255434782608696,
          0.6766304347826088,
          0.7472826086956522,
          0.7255434782608696,
          0.6222826086956521,
          0.7255434782608696,
          0.6875,
          0.7581521739130435,
          0.7581521739130435,
          0.7853260869565217,
          0.7065217391304348,
          0.6983695652173914,
          0.6358695652173914,
          0.6711956521739131
        ]
      },
      "20": {
        "n_samples": 20,
        "mean": 0.7472826086956522,
        "std": 0.08693417189895376,
        "min": 0.5788043478260869,
        "max": 0.875,
        "ci_low": 0.709915081521739,
        "ci_high": 0.7831555706521738,
        "aucs": [
          0.6766304347826086,
          0.7744565217391305,
          0.8586956521739131,
          0.875,
          0.7608695652173914,
          0.6114130434782609,
          0.8288043478260869,
          0.8532608695652173,
          0.6684782608695652,
          0.7663043478260869,
          0.7472826086956521,
          0.7853260869565217,
          0.7608695652173914,
          0.7228260869565217,
          0.8586956521739131,
          0.7309782608695652,
          0.6141304347826088,
          0.6875,
          0.5788043478260869,
          0.7853260869565217
        ]
      }
    },
    "classical_svm": {
      "10": {
        "n_samples": 20,
        "mean": 0.40658967391304346,
        "std": 0.16284722826225423,
        "min": 0.15217391304347827,
        "max": 0.779891304347826,
        "ci_low": 0.3396688179347826,
        "ci_high": 0.4799643342391303,
        "aucs": [
          0.6195652173913043,
          0.5788043478260869,
          0.15217391304347827,
          0.20380434782608695,
          0.592391304347826,
          0.4483695652173913,
          0.779891304347826,
          0.3722826086956521,
          0.3777173913043478,
          0.27445652173913043,
          0.46467391304347827,
          0.30434782608695654,
          0.5516304347826086,
          0.31657608695652173,
          0.3179347826086956,
          0.2907608695652174,
          0.25,
          0.32608695652173914,
          0.5733695652173914,
          0.3369565217391304
        ]
      },
      "20": {
        "n_samples": 20,
        "mean": 0.5584918478260869,
        "std": 0.24283509367790637,
        "min": 0.1684782608695652,
        "max": 0.8913043478260869,
        "ci_low": 0.44998471467391304,
        "ci_high": 0.6622350543478261,