{
  "metadata": {
    "version": "v08",
    "purpose": "pure sample-efficiency sweep with 1:1 stratified subsampling",
    "n_per_class": [
      10,
      20,
      50,
      100
    ],
    "subsample_seeds": 5,
    "vqc_init_seeds": 2,
    "models": [
      "classical_mlp",
      "classical_svm",
      "classical_xgb",
      "classical_logreg"
    ],
    "test_set": "v06 GSE76809 holdout (54 samples, stratified 80/20, seed=2026)",
    "runtime_minutes": 0.48882271846135456
  },
  "summary": {
    "classical_mlp": {
      "10": {
        "n_samples": 5,
        "mean": 0.7804347826086956,
        "std": 0.0646316540782045,
        "min": 0.7092391304347827,
        "max": 0.8586956521739131,
        "ci_low": 0.7304347826086957,
        "ci_high": 0.8304347826086957,
        "aucs": [
          0.7092391304347827,
          0.7608695652173914,
          0.8586956521739131,
          0.8369565217391305,
          0.7364130434782609
        ]
      },
      "20": {
        "n_samples": 5,
        "mean": 0.7896739130434783,
        "std": 0.08852608604898964,
        "min": 0.6847826086956522,
        "max": 0.9103260869565217,
        "ci_low": 0.7206521739130435,
        "ci_high": 0.8548913043478261,
        "aucs": [
          0.6847826086956522,
          0.7445652173913043,
          0.845108695652174,
          0.9103260869565217,
          0.7635869565217391
        ]
      },
      "50": {
        "n_samples": 0
      },
      "100": {
        "n_samples": 0
      }
    },
    "classical_svm": {
      "10": {
        "n_samples": 5,
        "mean": 0.42934782608695643,
        "std": 0.23065034267600718,
        "min": 0.15217391304347827,
        "max": 0.6195652173913043,
        "ci_low": 0.2559782608695652,
        "ci_high": 0.6005434782608695,
        "aucs": [
          0.6195652173913043,
          0.5788043478260869,
          0.15217391304347827,
          0.20380434782608695,
          0.592391304347826
        ]
      },
      "20": {
        "n_samples": 5,
        "mean": 0.49646739130434786,
        "std": 0.2947611854149409,
        "min": 0.18070652173913043,
        "max": 0.8913043478260869,
        "ci_low": 0.2793478260869565,
        "ci_high": 0.7456521739130435,
        "aucs": [
          0.33967391304347827,
          0.7146739130434783,
          0.8913043478260869,
          0.18070652173913043,
          0.3559782608695652
        ]
      },
      "50": {
        "n_samples": 0
      },
      "100": {
        "n_samples": 0
      }
    },
    "classical_xgb": {
      "10": {
        "n_samples": 5,
        "mean": 0.7616847826086957,
        "std": 0.11420158237857025,
        "min": 0.6480978260869565,
        "max": 0.9320652173913043,
        "ci_low": 0.682608695652174,
        "ci_high": 0.8431861413043465,
        "aucs": [
          0.6983695652173914,
          0.7092391304347826,
          0.9320652173913043,
          0.8206521739130435,
          0.6480978260869565
        ]
      },
      "20": {
        "n_samples": 5,
        "mean": 0.7883152173913043,
        "std": 0.06958856605448807,
        "min": 0.7065217391304348,
        "max": 0.8858695652173914,
        "ci_low": 0.7328804347826086,
        "ci_high": 0.839945652173913,
        "aucs": [
          0.7065217391304348,
          0.8043478260869565,
          0.8858695652173914,
          0.8070652173913043,
          0.7377717391304348
        ]
      },
      "50": {
        "n_samples": 0
      },
      "100": {
        "n_samples": 0
      }
    },
    "classical_logreg": {
      "10": {
        "n_samples": 5,
        "mean": 0.7527173913043479,
        "std": 0.1140818996178442,
        "min": 0.6222826086956522,
        "max": 0.9184782608695653,
        "ci_low": 0.6701086956521739,
        "ci_high": 0.8467391304347827,
        "aucs": [
          0.6820652173913043,
          0.7391304347826088,
          0.9184782608695653,
          0.8016304347826086,
          0.6222826086956522
        ]
      },
      "20": {
        "n_samples": 5,
        "mean": 0.7972826086956522,
        "std": 0.07923886950514678,
        "min": 0.7146739130434783,
        "max": 0.8913043478260869,
        "ci_low": 0.7369565217391305,
        "ci_high": 0.857608695652174,
        "aucs": [
          0.7146739130434783,
          0.7608695652173914,
          0.8722826086956521,
          0.8913043478260869,
          0.7472826086956522
        ]
      },
      "50": {
        "n_samples": 0
      },
      "100": {
        "n_samples": 0
      }
    }
  }
}